{"id":"56bcac35e4b0351ded8bc8bc","templateId":"569d0da7e4b0351debc74c42","templateType":"BLANK","name":"Chords Chart","accountId":"569d0d8ae4b0351debc74c2c","enabled":true,"type":"CUSTOM","components":[{"id":"56bcac35e4b0351ded8bc8bd","name":"Visualization.js","type":"text/javascript","uploadDate":"2016-02-26 21:36:08.229"},{"id":"56bcac35e4b0351ded8bc8be","name":"style.css","type":"text/css","uploadDate":"2016-02-11 15:43:49.849"}],"libs":["d3.v3.min.js","jquery.js"],"objectFieldTypes":["NUMBER","MONEY","ATTRIBUTE","TIME","INTEGER"],"controls":["TimeControl","UberStyle","DirtyDataIndicator","Color","FiltersIndicator","Undo","Info","TimePlayer","Filters","Defaults","Bookmark","Zoom","NoDataIndicator","TimeTable","Share","Download"],"variables":[{"name":"Metrics","type":"multi-metric","descr":"","attributeType":["MONEY","INTEGER","NUMBER"],"defaultValue":"count","colorMetric":false,"colorNumb":0,"metricType":"general","legendType":"palette","colors":"[]","colorSet":"Paired","required":false},{"name":"Group By","type":"group","descr":"","attributeType":["ATTRIBUTE"],"defaultValue":"","colorMetric":false,"colorNumb":5,"colors":"[{\"name\":\"Color 1\",\"color\":\"#0095b7\"},{\"name\":\"Color 2\",\"color\":\"#a0b774\"},{\"name\":\"Color 3\",\"color\":\"#f4c658\"},{\"name\":\"Color 4\",\"color\":\"#fe8b3e\"},{\"name\":\"Color 5\",\"color\":\"#cf2f23\"}]","config":"{\"colorGroupIndex\":0,\"groupColorSet\":\"ZoomPalette\"}","groupType":"attribute","required":false}]}