{"id":"56e8496e60b2205665dbc4b4","templateId":"569819cf60b23160031f5dec","templateType":"BLANK","name":"Chords Chart","accountId":"569819ba60b23160031f5dd6","enabled":true,"type":"CUSTOM","components":[{"id":"56e8496e60b2205665dbc4b5","name":"Visualization.js","type":"text/javascript","uploadDate":"2016-03-15 17:45:29.557"},{"id":"56e8496e60b2205665dbc4b6","name":"style.css","type":"text/css","uploadDate":"2016-03-15 17:42:06.808"}],"libs":["lodash.min.js","d3.v3.min.js"],"objectFieldTypes":["NUMBER","MONEY","ATTRIBUTE","TIME","INTEGER"],"controls":["TimeControl","UberStyle","DirtyDataIndicator","Color","FiltersIndicator","Undo","Info","TimePlayer","Filters","Defaults","Bookmark","Zoom","NoDataIndicator","TimeTable","Share","Download"],"variables":[{"name":"Metrics","type":"multi-metric","descr":"","attributeType":["MONEY","INTEGER","NUMBER"],"defaultValue":"count","colorMetric":false,"colorNumb":0,"metricType":"general","legendType":"palette","colors":"[]","colorSet":"Paired","required":false},{"name":"Group By","type":"group","descr":"","attributeType":["ATTRIBUTE"],"defaultValue":"","colorMetric":false,"colorNumb":0,"colors":"[{\"name\":\"Color 1\",\"color\":\"#a6cee3\"},{\"name\":\"Color 2\",\"color\":\"#1f78b4\"},{\"name\":\"Color 3\",\"color\":\"#b2df8a\"},{\"name\":\"Color 4\",\"color\":\"#33a02c\"},{\"name\":\"Color 5\",\"color\":\"#fb9a99\"}]","config":"{\"colorGroupIndex\":0}","groupType":"attribute","required":false},{"name":"Chart Name","type":"string","descr":"","defaultValue":"","colorMetric":false,"colorNumb":0,"required":false},{"name":"Chart Description","type":"string","descr":"","defaultValue":"","colorMetric":false,"colorNumb":0,"required":false}]}