{"id":"57bdc076e4b07b980e7b144f","templateId":"56f16b6ae4b0de3f2348a241","templateType":"BLANK","name":"Simple Bar Chart","accountId":"56f16b51e4b0de3f2348a22b","enabled":true,"type":"CUSTOM","components":[{"id":"57bdc076e4b07b980e7b1450","name":"Visualization.js","type":"text/javascript","uploadDate":"2016-08-29 15:32:21.648"},{"id":"57bdc076e4b07b980e7b1451","name":"style.css","type":"text/css","uploadDate":"2016-08-24 15:42:46.496"}],"libs":["lodash.min.js","d3.v3.min.js","echarts-3.2.2.min.js"],"objectFieldTypes":["NUMBER","MONEY","ATTRIBUTE","TIME","INTEGER"],"controls":["TimeControl","UberStyle","DirtyDataIndicator","FiltersIndicator","Undo","Info","TimePlayer","Filters","Defaults","Bookmark","Zoom","NoDataIndicator","TimeTable","Share","Download"],"variables":[{"name":"Group By","type":"group","descr":"","attributeType":["ATTRIBUTE"],"defaultValue":"","colorMetric":false,"colorNumb":0,"groupType":"attribute","required":false},{"name":"Chart Name","type":"string","descr":"","defaultValue":"","colorMetric":false,"colorNumb":0,"required":false},{"name":"Chart Description","type":"string","descr":"","defaultValue":"","colorMetric":false,"colorNumb":0,"required":false},{"name":"Metric","type":"metric","descr":"","attributeType":["MONEY","INTEGER","NUMBER"],"defaultValue":"count","colorMetric":false,"colorNumb":0,"metricType":"general","legendType":"range","colors":"[]","colorSet":"Accent","required":false}]}